condition,train_bearing,test_bearing,strategy,model,n_features,downsample_factor,mae_frac,rmse_frac,r2,critical_recall,lead_time_min,data_build_s,train_time_s,infer_time_s,train_energy_kwh,co2_g,model_size_kb
1,Bearing1_1,Bearing1_2,reference,Ridge,24,1,0.6288898562880576,0.6970936364608383,-4.817899973233255,0.0,0.0,0.0018231868743896484,0.0029897689819335938,0.00042891502380371094,1.245737075805664e-08,6.110897660255432e-06,0.6181640625
1,Bearing1_1,Bearing1_2,reference,HistGradientBoosting,24,1,0.37037209215488504,0.45772943249972836,-1.508428298682229,0.24571428571428572,7.0,0.0018231868743896484,0.25843310356140137,0.0023276805877685547,1.0768045981725056e-06,0.0004661099016666412,398.0263671875
1,Bearing1_1,Bearing1_2,reference,RandomForest,24,1,0.38096514344086174,0.4712538967929906,-1.658850522858395,0.24571428571428572,7.0,0.0018231868743896484,2.1974310874938965,0.10923528671264648,9.155962864557903e-06,0.004123166143894195,74801.9755859375
1,Bearing1_1,Bearing1_2,reference,MLP,24,1,0.6952769057174782,0.8103441141914984,-6.86181785636027,0.02857142857142857,28.166666666666668,0.0018231868743896484,0.5882453918457031,0.00165557861328125,2.451022466023763e-06,0.0010544479846954346,95.7314453125
1,Bearing1_1,Bearing1_2,half-rate,Ridge,24,2,0.23771930882457085,0.2943583657721878,-0.03737739438160914,0.005714285714285714,0.0,26.47173571586609,0.0015976428985595703,0.00019288063049316406,6.656845410664877e-09,3.2005608081817627e-06,0.6181640625
1,Bearing1_1,Bearing1_2,half-rate,HistGradientBoosting,24,2,0.32531787041945687,0.38904841970604365,-0.8121382394759602,0.0,0.0,26.47173571586609,0.33262205123901367,0.003113269805908203,1.3859252134958904e-06,0.0006001268863677979,398.0263671875
1,Bearing1_1,Bearing1_2,half-rate,RandomForest,24,2,0.3299501600252225,0.39329053811049286,-0.8518721909564173,0.0,0.0,26.47173571586609,2.330929756164551,0.1203315258026123,9.712207317352294e-06,0.004381629541516304,74801.9755859375
1,Bearing1_1,Bearing1_2,half-rate,MLP,24,2,0.25735735190456044,0.3575396873104276,-0.5304971517675232,0.1657142857142857,28.166666666666668,26.47173571586609,0.6817724704742432,0.00083160400390625,2.840718626976013e-06,0.001220154783129692,96.0576171875
1,Bearing1_1,Bearing1_2,top-10-features,Ridge,10,1,0.6110693067613965,0.6641339287403588,-4.280746855705097,0.0,0.0,1.5467960834503174,0.0011565685272216797,0.00017070770263671875,4.8190355300903315e-09,2.372506260871887e-06,0.5087890625
1,Bearing1_1,Bearing1_2,top-10-features,HistGradientBoosting,10,1,0.3786113347603606,0.4666654506204148,-1.607325861078853,0.24571428571428572,7.0,1.5467960834503174,0.18065643310546875,0.002239227294921875,7.527351379394531e-07,0.0003269259929656982,368.8349609375
1,Bearing1_1,Bearing1_2,top-10-features,RandomForest,10,1,0.38737047692920146,0.47801351757970667,-1.735674169729784,0.24571428571428572,7.0,1.5467960834503174,1.0820097923278809,0.10720562934875488,4.508374134699503e-06,0.002125722566246986,74801.9755859375
1,Bearing1_1,Bearing1_2,top-10-features,MLP,10,1,0.39663423743837,0.47478317779605494,-1.6988245965426323,0.08571428571428572,3.0,1.5467960834503174,0.7145001888275146,0.0007965564727783203,2.9770841201146445e-06,0.0012785929322242737,75.3583984375
2,Bearing2_1,Bearing2_2,reference,Ridge,24,1,0.7372605394883271,0.9002698308318265,-8.701453707842834,0.2875,7.5,0.0012547969818115234,0.001085519790649414,0.00017499923706054688,4.5229991277058926e-09,2.2531777620315557e-06,0.6181640625
2,Bearing2_1,Bearing2_2,reference,HistGradientBoosting,24,1,0.16105641237858914,0.20767435359798217,0.48375345616086585,0.275,7.5,0.0012547969818115234,0.33594512939453125,0.0029723644256591797,1.3997713724772135e-06,0.0006058150202035904,398.0263671875
2,Bearing2_1,Bearing2_2,reference,RandomForest,24,1,0.14211633276340735,0.17936619473917906,0.6149008041366973,0.25,7.5,0.0012547969818115234,0.7694244384765625,0.11940503120422363,3.20593516031901e-06,0.0015887826770544051,24362.7412109375
2,Bearing2_1,Bearing2_2,reference,MLP,24,1,0.3457204360029875,0.45804557498171145,-1.5113590377927815,0.13125,7.5,0.0012547969818115234,0.2972567081451416,0.0007262229919433594,1.2385696172714233e-06,0.0005326444894075393,96.2783203125
2,Bearing2_1,Bearing2_2,half-rate,Ridge,24,2,0.5329705784995575,0.612883969878636,-3.4962240809807614,0.04375,1.6666666666666667,11.554654836654663,0.0011413097381591797,0.00023889541625976562,4.755457242329915e-09,2.4671167135238645e-06,0.6181640625
2,Bearing2_1,Bearing2_2,half-rate,HistGradientBoosting,24,2,0.15283483106050033,0.19835496016161283,0.5290470163054264,0.26875,7.333333333333333,11.554654836654663,0.2573428153991699,0.003130674362182617,1.0722617308298746e-06,0.00046559636294841766,398.0263671875
2,Bearing2_1,Bearing2_2,half-rate,RandomForest,24,2,0.13711667910239797,0.18178926787413055,0.604425849929127,0.275,7.333333333333333,11.554654836654663,0.8488068580627441,0.11786794662475586,3.5366952419281007e-06,0.0017279312133789062,24362.7412109375
2,Bearing2_1,Bearing2_2,half-rate,MLP,24,2,0.27006101308923913,0.34823942591792345,-0.45160113413325287,0.05,4.0,11.554654836654663,0.15004825592041016,0.0007860660552978516,6.252010663350423e-07,0.0002696163505315781,95.126953125
2,Bearing2_1,Bearing2_2,top-10-features,Ridge,10,1,0.37909999033962494,0.46323257002443324,-1.5685593005928928,0.225,7.333333333333333,0.5914299488067627,0.0011034011840820312,0.0001647472381591797,4.597504933675131e-09,2.2668153047561646e-06,0.5087890625
2,Bearing2_1,Bearing2_2,top-10-features,HistGradientBoosting,10,1,0.2129549126543932,0.27881088155941225,0.06951181789405225,0.2875,7.5,0.5914299488067627,0.21855425834655762,0.0025484561920166016,9.106427431106567e-07,0.00039522110223770134,368.8349609375
2,Bearing2_1,Bearing2_2,top-10-features,RandomForest,10,1,0.19391673528894762,0.25823965580104147,0.20175300777023597,0.2875,7.5,0.5914299488067627,0.48415398597717285,0.10812878608703613,2.017308274904887e-06,0.0010587054550647735,24362.7412109375
2,Bearing2_1,Bearing2_2,top-10-features,MLP,10,1,0.304923910293886,0.3788713733657468,-0.7182051124002022,0.24375,7.5,0.5914299488067627,0.4610111713409424,0.0008294582366943359,1.9208798805872598e-06,0.0008255401253700256,76.7548828125
3,Bearing3_1,Bearing3_2,reference,Ridge,24,1,0.532219020330943,0.577730801981715,-3.0003841095794925,0.9420731707317073,54.5,0.001348733901977539,0.0009703636169433594,0.00018715858459472656,4.043181737263997e-09,2.0690709352493283e-06,0.6181640625
3,Bearing3_1,Bearing3_2,reference,HistGradientBoosting,24,1,0.317175236306065,0.38251062469566083,-0.7536287356504463,0.6798780487804879,54.5,0.001348733901977539,0.22065162658691406,0.0035855770111083984,9.193817774454752e-07,0.0004008240014314651,279.1259765625
3,Bearing3_1,Bearing3_2,reference,RandomForest,24,1,0.31631716774196256,0.3834547068071538,-0.7622957502879759,0.7225609756097561,54.5,0.001348733901977539,0.5070502758026123,0.10748529434204102,2.1127094825108845e-06,0.0010984823316335678,13805.5478515625
3,Bearing3_1,Bearing3_2,reference,MLP,24,1,0.5794037779845698,0.6598574587723739,-4.218562729731631,0.7225609756097561,54.5,0.001348733901977539,0.1974325180053711,0.0009942054748535156,8.226354916890462e-07,0.00035468776822090146,96.083984375
3,Bearing3_1,Bearing3_2,half-rate,Ridge,24,2,0.19862033613844263,0.2451325900854932,0.279800598701621,0.7408536585365854,54.5,14.879392147064209,0.0010707378387451172,0.00020885467529296875,4.461407661437988e-09,2.2872716188430784e-06,0.6181640625
3,Bearing3_1,Bearing3_2,half-rate,HistGradientBoosting,24,2,0.2119901040872017,0.26897540044928353,0.13288684796592942,0.6371951219512195,53.833333333333336,14.879392147064209,0.2017357349395752,0.003242969512939453,8.4056556224823e-07,0.0003663994342088699,278.5400390625
3,Bearing3_1,Bearing3_2,half-rate,RandomForest,24,2,0.20252183391206013,0.25855192419924905,0.19879030387053775,0.6737804878048781,53.833333333333336,14.879392147064209,0.4895768165588379,0.10215187072753906,2.0399034023284912e-06,0.0010577150285243989,13805.5478515625
3,Bearing3_1,Bearing3_2,half-rate,MLP,24,2,0.2714535459478428,0.32379087359664704,-0.2565502329146456,0.7378048780487805,54.5,14.879392147064209,0.2250995635986328,0.001055002212524414,9.379148483276367e-07,0.00040425128638744355,96.4384765625
3,Bearing3_1,Bearing3_2,top-10-features,Ridge,10,1,0.6377267374787646,0.6739956694567195,-4.4445859762808,0.9573170731707317,54.5,0.4312465190887451,0.0010912418365478516,0.00019049644470214844,4.546840985616048e-09,2.291107177734375e-06,0.5087890625
3,Bearing3_1,Bearing3_2,top-10-features,HistGradientBoosting,10,1,0.3230700885167137,0.389540475061148,-0.8186780577214281,0.7621951219512195,54.5,0.4312465190887451,0.1585376262664795,0.003717184066772461,6.605734427769979e-07,0.0002900304734706879,249.6298828125
3,Bearing3_1,Bearing3_2,top-10-features,RandomForest,10,1,0.33237682096526366,0.3989581157858872,-0.9076788121299044,0.7652439024390244,54.5,0.4312465190887451,0.47421836853027344,0.12364816665649414,1.9759098688761393e-06,0.001068686431646347,13805.5478515625
3,Bearing3_1,Bearing3_2,top-10-features,MLP,10,1,0.2649302971944658,0.3189024136771127,-0.21889490182204052,0.5792682926829268,42.333333333333336,0.4312465190887451,0.0594482421875,0.0012331008911132812,2.4770100911458337e-07,0.00010846790075302126,73.6845703125
